INSERT INTO `shop_db`.`user` (`id`,`dateOfBirth`,`emailAddress`,`firstName`,`lastName`,`password`,`userName`) VALUES (1,'1985-10-05','admin@shop.io','Bill','Night','$2a$10$q.ISiDA/86gS/Ce343FMAuG3ZATMquaVn0nzwYnqOUCtNv7yBxM4W','admin');
INSERT INTO `shop_db`.`user` (`id`,`dateOfBirth`,`emailAddress`,`firstName`,`lastName`,`password`,`userName`) VALUES (2,'1990-05-02','dan@shop.io','Dan','Woo','$2a$10$q.ISiDA/86gS/Ce343FMAuG3ZATMquaVn0nzwYnqOUCtNv7yBxM4W','dan98');
INSERT INTO `shop_db`.`user` (`id`,`dateOfBirth`,`emailAddress`,`firstName`,`lastName`,`password`,`userName`) VALUES (3,'1990-05-02','super@admin.io','Viacheslav','Myshkovetc','$2a$10$q.ISiDA/86gS/Ce343FMAuG3ZATMquaVn0nzwYnqOUCtNv7yBxM4W','sa');
INSERT INTO `shop_db`.`user` (`id`,`dateOfBirth`,`emailAddress`,`firstName`,`lastName`,`password`,`userName`) VALUES (4,'1960-11-01','tim@apple.com','Tim','Cook','$2a$10$n9iQvFVOrarlSMOPRRppaeRtV9Z2QFrVNWsMOY3auRZGXC4hevMDG','timmy');

INSERT INTO `shop_db`.`user_roles` (`id`,`role`) VALUES (1,'ADMIN');
INSERT INTO `shop_db`.`user_roles` (`id`,`role`) VALUES (1,'USER');
INSERT INTO `shop_db`.`user_roles` (`id`,`role`) VALUES (2,'USER');
INSERT INTO `shop_db`.`user_roles` (`id`,`role`) VALUES (3,'ADMIN');
INSERT INTO `shop_db`.`user_roles` (`id`,`role`) VALUES (3,'USER');
INSERT INTO `shop_db`.`user_roles` (`id`,`role`) VALUES (4,'USER');

INSERT INTO `shop_db`.`user_address` (`id`,`apartmentNumber`,`city`,`country`,`street`,`zipCode`,`user_id`) VALUES (1,'48 H','New York','USA','27 E 65th Street',10065,1);
INSERT INTO `shop_db`.`user_address` (`id`,`apartmentNumber`,`city`,`country`,`street`,`zipCode`,`user_id`) VALUES (2,'2','New York','USA','620 6th Avenue',10011,1);
INSERT INTO `shop_db`.`user_address` (`id`,`apartmentNumber`,`city`,`country`,`street`,`zipCode`,`user_id`) VALUES (3,'56','Montreal','Canada','755 Rue Dominion',2051,2);
INSERT INTO `shop_db`.`user_address` (`id`,`apartmentNumber`,`city`,`country`,`street`,`zipCode`,`user_id`) VALUES (4,'987','Palo Alto','USA','Main',113347,4);
INSERT INTO `shop_db`.`user_address` (`id`,`apartmentNumber`,`city`,`country`,`street`,`zipCode`,`user_id`) VALUES (5,'178','Saint-Petersburg','Russia','Lenina Street 59',190000,3);

INSERT INTO `shop_db`.`category` (`id`, `name`) VALUES (1,'Everyday');
INSERT INTO `shop_db`.`category` (`id`, `name`) VALUES (2,'Classical');
INSERT INTO `shop_db`.`category` (`id`, `name`) VALUES (3,'Sports');

INSERT INTO `shop_db`.`storefrontsettings` (`id`, `storefront_type`) VALUES (1,'CustomList');

INSERT INTO `shop_db`.`brand` (`id`, `name`) VALUES (1,'TAG HEUER');
INSERT INTO `shop_db`.`brand` (`id`, `name`) VALUES (2,'Casio');
INSERT INTO `shop_db`.`brand` (`id`, `name`) VALUES (3,'Swatch');

INSERT INTO `shop_db`.`product` (`id`,`backlight`,`clockFace`,`description`,`gender`,`glass`,`imageId`,`imageURL`,`name`,`price`,`stock`,`volume`,`waterResistant`,`weight`,`brand_id`,`category_id`) VALUES (1, 1,'Combined','Brighten up your spring fashion with the G-SHOCK S series pastel color collection. Based on the GMAS120, these models are dressed in the vivid colors of the athleisue and casual fashion scene, perfect for a yoga session or an afternoon unwinding with a latte. Available in light blue, pink and white.','Male','Mineral','kzrrfx9rvaem1nuxgrsz','http://res.cloudinary.com/mousesan/image/upload/v1496093882/kzrrfx9rvaem1nuxgrsz.png','GMAS120MF',130,5,1,'WR200',100,2,3);
INSERT INTO `shop_db`.`product` (`id`,`backlight`,`clockFace`,`description`,`gender`,`glass`,`imageId`,`imageURL`,`name`,`price`,`stock`,`volume`,`waterResistant`,`weight`,`brand_id`,`category_id`) VALUES (2, 1,'Combined','The S Series, created for the influential, fashion-forward woman that seeks a sportswear-inspired toughness to add to her modern style, while valuing advanced technology and precision in a fashion accessory piece. The GMDS6900 is equipped with an EL Backlight w/Afterglow for high visibility under low-light conditions, 3 multi-function alarms, 1/100th stopwatch, countdown timer, 12/24-hour time formats and 48-city world time.','Female','Organic','fhatfdxeoupbkqh5dnpe','http://res.cloudinary.com/mousesan/image/upload/v1496094121/fhatfdxeoupbkqh5dnpe.png','GMDS6900SM',99,3,1,'WR200',100,2,3);
INSERT INTO `shop_db`.`product` (`id`,`backlight`,`clockFace`,`description`,`gender`,`glass`,`imageId`,`imageURL`,`name`,`price`,`stock`,`volume`,`waterResistant`,`weight`,`brand_id`,`category_id`) VALUES (3, 1,'Combined','The S Series, created for the influential, fashion-forward woman that seeks a sportswear-inspired toughness to add to her modern style, while valuing advanced technology and precision in a fashion accessory piece. The GMAS110 is equipped with an Auto LED light, Magnetic Resistance, 4 daily alarms, 1/100th stopwatch and a Speed Indicator.','Female','Sapphire','benih2gcdd26nkrnodvk','http://res.cloudinary.com/mousesan/image/upload/v1496094276/benih2gcdd26nkrnodvk.png','GMAS110MP',130,10,1,'WR200',100,2,3);
INSERT INTO `shop_db`.`product` (`id`,`backlight`,`clockFace`,`description`,`gender`,`glass`,`imageId`,`imageURL`,`name`,`price`,`stock`,`volume`,`waterResistant`,`weight`,`brand_id`,`category_id`) VALUES (4, 0,'Digital','SUPRA x G-SHOCK partnership emphasizes on the innovative technical features, functionality and stylish components available in both G-SHOCK and SUPRA products. The white timepiece includes a 360 polka dot patterned design.','Male','Plastic','zztncsoioivlkyh07c4i','http://res.cloudinary.com/mousesan/image/upload/v1496094471/zztncsoioivlkyh07c4i.png','GMDS6900SP',160,4,1,'WR200',100,2,3);
INSERT INTO `shop_db`.`product` (`id`,`backlight`,`clockFace`,`description`,`gender`,`glass`,`imageId`,`imageURL`,`name`,`price`,`stock`,`volume`,`waterResistant`,`weight`,`brand_id`,`category_id`) VALUES (5, 1,'Combined','Baby-G, the casual watch for active woman, offers a new Beach Color Series of pastel colored models in the image of seashells and other marine scenes. These models offer a countdown timer, stopwatch, multi-alarm and world time.','Kids','Mineral','tfgnfxapxrhwcbzqpepu','http://res.cloudinary.com/mousesan/image/upload/v1496094626/tfgnfxapxrhwcbzqpepu.png','BA110BE',120,3,1,'WR200',80,2,3);
INSERT INTO `shop_db`.`product` (`id`,`backlight`,`clockFace`,`description`,`gender`,`glass`,`imageId`,`imageURL`,`name`,`price`,`stock`,`volume`,`waterResistant`,`weight`,`brand_id`,`category_id`) VALUES (6, 1,'Digital','The base model of these two new watches is the BGD500 series. The popular square design comes in a choice of colors, white of vivid yellow, with a matte finish for the case and band to create a sharp, clean image. Water resistant up to 200 meters, these models are a great choice for wear on the beach, around the pool, or in other location where water is present.','Kids','Organic','pdlk64jm3n8xoexpxavh','http://res.cloudinary.com/mousesan/image/upload/v1496094726/pdlk64jm3n8xoexpxavh.png','BGD560C',79,7,1,'WR200',80,2,3);
INSERT INTO `shop_db`.`product` (`id`,`backlight`,`clockFace`,`description`,`gender`,`glass`,`imageId`,`imageURL`,`name`,`price`,`stock`,`volume`,`waterResistant`,`weight`,`brand_id`,`category_id`) VALUES (7, 1,'Combined','Introducing the feminine pastel and tri-colored BG230 Series. The simple function series features large, multi-dimensional hour numbers for improved readability and Dual Dial World Time with a second timezone small dial at 9 o\'clock.','Female','Plastic','rokv1zqm7ci2tt6q6brp','http://res.cloudinary.com/mousesan/image/upload/v1496094906/rokv1zqm7ci2tt6q6brp.png','BGA230',120,5,1,'WR30',80,2,3);
INSERT INTO `shop_db`.`product` (`id`,`backlight`,`clockFace`,`description`,`gender`,`glass`,`imageId`,`imageURL`,`name`,`price`,`stock`,`volume`,`waterResistant`,`weight`,`brand_id`,`category_id`) VALUES (8, 1,'Combined','G-SHOCK, the watch brand that is constantly setting new standards for timekeeping toughness, come new models with garish coloring. The base model is the GA-700, which uses original resin molding technology that makes it possible to form analog hands, dial, and hour markers of resin that shines like metal. This lineup is available in a choice of three colors (blue, silver, gold) that create the image of the accessories or fashion items worn by b-boys. The black and blue, and black and silver models have a half-matte finish for a look that is totally cool. The black and gold model has an overall shiny finish for a tough and energetic look.','Male','Sapphire','g9n4m5kmuctcsgv482ng','http://res.cloudinary.com/mousesan/image/upload/v1496095018/g9n4m5kmuctcsgv482ng.png','GA710GB',150,3,1,'WR200',120,2,3);
INSERT INTO `shop_db`.`product` (`id`,`backlight`,`clockFace`,`description`,`gender`,`glass`,`imageId`,`imageURL`,`name`,`price`,`stock`,`volume`,`waterResistant`,`weight`,`brand_id`,`category_id`) VALUES (9, 1,'Switchgear','Handcrafted in Yamagata, Japan, the limited edition luxury MR-G GPS Hybrid Gold Hammer Tone timepiece is the second collaboration with third generation master metal craftsman Bihou Asano, who individually hammered each bezel and band of 300 watches using the traditional Japanese Tsu-i-ki technique. Each timepiece features a titanium case and bracelet band, non-reflective sapphire crystal, GPS satellite synchronization system for accuracy, Multiband 6 and Tough Solar capabilities.','Male','Sapphire','clmwzm1ljppwqbxbbulj','http://res.cloudinary.com/mousesan/image/upload/v1496095216/clmwzm1ljppwqbxbbulj.png','MRGG1000',6200,1,1,'WR200',200,2,3);
INSERT INTO `shop_db`.`product` (`id`,`backlight`,`clockFace`,`description`,`gender`,`glass`,`imageId`,`imageURL`,`name`,`price`,`stock`,`volume`,`waterResistant`,`weight`,`brand_id`,`category_id`) VALUES (10, 1,'Switchgear','The GPW1000RG-1A GRAVITYMASTER features bezel, crown, back cover, buttons, band ring and buckle in rose gold. The inside of the band, second hand, and embedded button pay respect to the brand, adorned in classic G-SHOCK red coloring. A new, aged bezel look gives an added layer of toughness to the elegant rose gold coloring.','Male','Sapphire','moicj5vxhu1ou5pfak34','http://res.cloudinary.com/mousesan/image/upload/v1496095323/moicj5vxhu1ou5pfak34.png','GPW1000',1000,2,1,'WR200',180,2,3);
INSERT INTO `shop_db`.`product` (`id`,`backlight`,`clockFace`,`description`,`gender`,`glass`,`imageId`,`imageURL`,`name`,`price`,`stock`,`volume`,`waterResistant`,`weight`,`brand_id`,`category_id`) VALUES (11, 0,'Switchgear','Art: SUSN413','Male','Organic','ahp2ufmxsv7tfdldi09e','http://res.cloudinary.com/mousesan/image/upload/v1496095927/ahp2ufmxsv7tfdldi09e.png','CAPANNO',120,5,1,'WR50',75,3,3);
INSERT INTO `shop_db`.`product` (`id`,`backlight`,`clockFace`,`description`,`gender`,`glass`,`imageId`,`imageURL`,`name`,`price`,`stock`,`volume`,`waterResistant`,`weight`,`brand_id`,`category_id`) VALUES (12, 0,'Switchgear','Art: SUSN412','Male','Plastic','jgzdtmowe587eouyvvcw','http://res.cloudinary.com/mousesan/image/upload/v1496096152/jgzdtmowe587eouyvvcw.png','PARABORDO',120,6,1,'WR50',75,3,3);
INSERT INTO `shop_db`.`product` (`id`,`backlight`,`clockFace`,`description`,`gender`,`glass`,`imageId`,`imageURL`,`name`,`price`,`stock`,`volume`,`waterResistant`,`weight`,`brand_id`,`category_id`) VALUES (13, 0,'Switchgear','Art: SUSB408','Female','Organic','kxsfllekiry5obyteue2','http://res.cloudinary.com/mousesan/image/upload/v1496096206/kxsfllekiry5obyteue2.png','NEROLINO',120,4,1,'WR50',75,3,3);
INSERT INTO `shop_db`.`product` (`id`,`backlight`,`clockFace`,`description`,`gender`,`glass`,`imageId`,`imageURL`,`name`,`price`,`stock`,`volume`,`waterResistant`,`weight`,`brand_id`,`category_id`) VALUES (14, 0,'Switchgear','Art: SUSB407','Female','Mineral','gmigtrritgzl5cnpc1os','http://res.cloudinary.com/mousesan/image/upload/v1496096312/gmigtrritgzl5cnpc1os.png','GIROTEMPO',120,6,1,'WR100',75,3,3);
INSERT INTO `shop_db`.`product` (`id`,`backlight`,`clockFace`,`description`,`gender`,`glass`,`imageId`,`imageURL`,`name`,`price`,`stock`,`volume`,`waterResistant`,`weight`,`brand_id`,`category_id`) VALUES (15, 1,'Switchgear','Art: GB274','Male','Mineral','qod0xupq7yqen4k0xof4','http://res.cloudinary.com/mousesan/image/upload/v1496097119/qod0xupq7yqen4k0xof4.png','GOLD TAC',120,5,1,'WR30',75,3,1);
INSERT INTO `shop_db`.`product` (`id`,`backlight`,`clockFace`,`description`,`gender`,`glass`,`imageId`,`imageURL`,`name`,`price`,`stock`,`volume`,`waterResistant`,`weight`,`brand_id`,`category_id`) VALUES (16, 0,'Switchgear','Art: GG215','Female','Sapphire','lcqnk60yiprreznwdav2','http://res.cloudinary.com/mousesan/image/upload/v1496097197/lcqnk60yiprreznwdav2.png','SHUNBUKIN',60,9,1,'WR50',75,3,1);
INSERT INTO `shop_db`.`product` (`id`,`backlight`,`clockFace`,`description`,`gender`,`glass`,`imageId`,`imageURL`,`name`,`price`,`stock`,`volume`,`waterResistant`,`weight`,`brand_id`,`category_id`) VALUES (17, 0,'Switchgear','Art: SUOB708','Male','Plastic','fbflnjytes0n3ux9heug','http://res.cloudinary.com/mousesan/image/upload/v1496097244/fbflnjytes0n3ux9heug.png','MYSTERY',60,4,1,'WR100',80,3,1);
INSERT INTO `shop_db`.`product` (`id`,`backlight`,`clockFace`,`description`,`gender`,`glass`,`imageId`,`imageURL`,`name`,`price`,`stock`,`volume`,`waterResistant`,`weight`,`brand_id`,`category_id`) VALUES (18, 1,'Combined','This new dual dial ERA500 series from the Casio Edifice lineup features a thermometer, 1/100th second stopwatch, countdown timer and 5 daily alarms which make it as functional as well as fashionable.','Male','Sapphire','dszptzphdt9bggztettq','http://res.cloudinary.com/mousesan/image/upload/v1496097419/dszptzphdt9bggztettq.png','ERA500L',250,3,1,'WR200',250,2,1);
INSERT INTO `shop_db`.`product` (`id`,`backlight`,`clockFace`,`description`,`gender`,`glass`,`imageId`,`imageURL`,`name`,`price`,`stock`,`volume`,`waterResistant`,`weight`,`brand_id`,`category_id`) VALUES (19, 0,'Switchgear','Edifice with a Black Face and a metal band.','Male','Organic','l9lawoue9tny1txvqgcj','http://res.cloudinary.com/mousesan/image/upload/v1496097518/l9lawoue9tny1txvqgcj.png','EF304D',49.95,8,1,'WR100',150,2,1);
INSERT INTO `shop_db`.`product` (`id`,`backlight`,`clockFace`,`description`,`gender`,`glass`,`imageId`,`imageURL`,`name`,`price`,`stock`,`volume`,`waterResistant`,`weight`,`brand_id`,`category_id`) VALUES (20, 1,'Switchgear','Introducing a new 3-Hand Chronograph from the Casio Edifice lineup of sport inspired timepieces. The EFR552 features 100 meter water resistance, 1 second stopwatch (with retrograde minute hand) and a fashionable leather band.','Male','Plastic','pthayocqfkdg9f8s62os','http://res.cloudinary.com/mousesan/image/upload/v1496097657/pthayocqfkdg9f8s62os.png','EFR552L',150,6,1,'WR100',175,2,1);
INSERT INTO `shop_db`.`product` (`id`,`backlight`,`clockFace`,`description`,`gender`,`glass`,`imageId`,`imageURL`,`name`,`price`,`stock`,`volume`,`waterResistant`,`weight`,`brand_id`,`category_id`) VALUES (21, 1,'Combined','The evolution of operability, functionality and display performance continues with the EDIFICE Black Label EQWA1100CD-1A. A dual-layer chronograph equipped with smart access raises the bar for ease of use via an electronic crown. This screw-locking crown controls various operations such as home city setting, DST and time adjustment. A center hand chronograph equipped with lap mode provides precision timing of events and a large disk indicator installed between a cut-out in the upper & lower dial layers permits easy confirmation of the current watch mode. Black stainless steel band analog watch with a black face.','Male','Sapphire','bo9j1jxok9qs9tndshgu','http://res.cloudinary.com/mousesan/image/upload/v1496097736/bo9j1jxok9qs9tndshgu.png','EQWA1000',750,4,1,'WR200',250,2,1);
INSERT INTO `shop_db`.`product` (`id`,`backlight`,`clockFace`,`description`,`gender`,`glass`,`imageId`,`imageURL`,`name`,`price`,`stock`,`volume`,`waterResistant`,`weight`,`brand_id`,`category_id`) VALUES (22, 1,'Switchgear','The classic yet contemporary sports watch inspired by car racing.\r\nAutomatic Chronograph.','Male','Sapphire','chxvgcycfuuubtaww82h','http://res.cloudinary.com/mousesan/image/upload/v1496097932/chxvgcycfuuubtaww82h.png','Calibre 01',9500,1,1,'WR200',300,1,1);
INSERT INTO `shop_db`.`product` (`id`,`backlight`,`clockFace`,`description`,`gender`,`glass`,`imageId`,`imageURL`,`name`,`price`,`stock`,`volume`,`waterResistant`,`weight`,`brand_id`,`category_id`) VALUES (23, 0,'Switchgear','The classic yet contemporary sports watch inspired by car racing.\r\nAutomatic Watch.\r\nDiamonds.','Female','Mineral','oyldrqut8obpih4azymt','http://res.cloudinary.com/mousesan/image/upload/v1496098169/oyldrqut8obpih4azymt.png','Calibre 9',4700,1,1,'WR100',150,1,1);
INSERT INTO `shop_db`.`product` (`id`,`backlight`,`clockFace`,`description`,`gender`,`glass`,`imageId`,`imageURL`,`name`,`price`,`stock`,`volume`,`waterResistant`,`weight`,`brand_id`,`category_id`) VALUES (24, 1,'Combined','The classic yet contemporary sports watch inspired by car racing. Automatic Chronograph.','Male','Sapphire','rspacflqxjuvnikycrmj','http://res.cloudinary.com/mousesan/image/upload/v1496098336/rspacflqxjuvnikycrmj.png','Calibre 16',4650,2,1,'WR200',200,1,1);
INSERT INTO `shop_db`.`product` (`id`,`backlight`,`clockFace`,`description`,`gender`,`glass`,`imageId`,`imageURL`,`name`,`price`,`stock`,`volume`,`waterResistant`,`weight`,`brand_id`,`category_id`) VALUES (25, 0,'Switchgear','The casual sports watch for a fast-paced life.','Male','Sapphire','dzay6jiycblrwkl0qplx','http://res.cloudinary.com/mousesan/image/upload/v1496098542/dzay6jiycblrwkl0qplx.png','Formula 1',1350,1,1,'WR200',175,1,3);
INSERT INTO `shop_db`.`product` (`id`,`backlight`,`clockFace`,`description`,`gender`,`glass`,`imageId`,`imageURL`,`name`,`price`,`stock`,`volume`,`waterResistant`,`weight`,`brand_id`,`category_id`) VALUES (26, 1,'Switchgear','The timeless style of a 3-hand analog, combined with 50 meter water resistance make this watch an instant classic.','Male','Plastic','pztmpb7cicgeijqpm4pd','http://res.cloudinary.com/mousesan/image/upload/v1496099047/pztmpb7cicgeijqpm4pd.png','MW240',24.95,10,1,'WR100',150,2,2);
INSERT INTO `shop_db`.`product` (`id`,`backlight`,`clockFace`,`description`,`gender`,`glass`,`imageId`,`imageURL`,`name`,`price`,`stock`,`volume`,`waterResistant`,`weight`,`brand_id`,`category_id`) VALUES (27, 1,'Digital','Straight from the Casio Vintage Collection comes a timepiece that never goes out of style. The LA680WGA-1B combines style with features Casio is known for such as an LED light and a 1/100th second stopwatch. This timepiece is the perfect complement to any outfit.','Male','Plastic','uyspxhzhojrhgggngvjb','http://res.cloudinary.com/mousesan/image/upload/v1496099137/uyspxhzhojrhgggngvjb.png','LA680W',55,15,1,'WR200',100,2,2);
INSERT INTO `shop_db`.`product` (`id`,`backlight`,`clockFace`,`description`,`gender`,`glass`,`imageId`,`imageURL`,`name`,`price`,`stock`,`volume`,`waterResistant`,`weight`,`brand_id`,`category_id`) VALUES (28, 0,'Switchgear','Art: YWS421G','Male','Mineral','zmajqtsfwsav68cqu5kf','http://res.cloudinary.com/mousesan/image/upload/v1496099402/zmajqtsfwsav68cqu5kf.png','TICO-TOCO',130,4,1,'WR50',105,3,2);
INSERT INTO `shop_db`.`product` (`id`,`backlight`,`clockFace`,`description`,`gender`,`glass`,`imageId`,`imageURL`,`name`,`price`,`stock`,`volume`,`waterResistant`,`weight`,`brand_id`,`category_id`) VALUES (29, 0,'Switchgear','Art: YLS713G','Male','Organic','umbduu20u7zlsdfsiluh','http://res.cloudinary.com/mousesan/image/upload/v1496099474/umbduu20u7zlsdfsiluh.png','GRANDE',125,5,1,'WR100',105,3,2);
INSERT INTO `shop_db`.`product` (`id`,`backlight`,`clockFace`,`description`,`gender`,`glass`,`imageId`,`imageURL`,`name`,`price`,`stock`,`volume`,`waterResistant`,`weight`,`brand_id`,`category_id`) VALUES (30, 0,'Switchgear','Art: YSS213G','Female','Organic','bnjhmpohvao7407gaxc2','http://res.cloudinary.com/mousesan/image/upload/v1496099565/bnjhmpohvao7407gaxc2.png','D STONES',145,3,1,'WR50',120,3,2);
INSERT INTO `shop_db`.`product` (`id`,`backlight`,`clockFace`,`description`,`gender`,`glass`,`imageId`,`imageURL`,`name`,`price`,`stock`,`volume`,`waterResistant`,`weight`,`brand_id`,`category_id`) VALUES (31, 0,'Switchgear','Art: YSS286G','Female','Organic','webyqwxrjxfgm1o5mzek','http://res.cloudinary.com/mousesan/image/upload/v1496099679/webyqwxrjxfgm1o5mzek.png','R BLING',149,4,1,'WR50',120,3,2);
INSERT INTO `shop_db`.`product` (`id`,`backlight`,`clockFace`,`description`,`gender`,`glass`,`imageId`,`imageURL`,`name`,`price`,`stock`,`volume`,`waterResistant`,`weight`,`brand_id`,`category_id`) VALUES (32, 0,'Switchgear','The ultimate sports watch inspired by the aquatic world.\r\nBlack Ceramic.\r\nBezel / Black.\r\nMother-of-Pearl.\r\nDial.','Male','Sapphire','qfdj5s912sl84bvn8bhq','http://res.cloudinary.com/mousesan/image/upload/v1496099827/qfdj5s912sl84bvn8bhq.png','AQUARACER',2150,2,1,'WR200',250,1,2);
INSERT INTO `shop_db`.`product` (`id`,`backlight`,`clockFace`,`description`,`gender`,`glass`,`imageId`,`imageURL`,`name`,`price`,`stock`,`volume`,`waterResistant`,`weight`,`brand_id`,`category_id`) VALUES (33, 0,'Switchgear','The ultimate sports watch inspired by the aquatic world. 18K Gold Bezel with Diamonds.','Male','Sapphire','wqhgkmfamz29qiqvra8m','http://res.cloudinary.com/mousesan/image/upload/v1496099988/wqhgkmfamz29qiqvra8m.png','AQUA GOLD',3950,1,1,'WR200',250,1,2);
INSERT INTO `shop_db`.`product` (`id`,`backlight`,`clockFace`,`description`,`gender`,`glass`,`imageId`,`imageURL`,`name`,`price`,`stock`,`volume`,`waterResistant`,`weight`,`brand_id`,`category_id`) VALUES (34, 0,'Switchgear','The classic yet contemporary sports watch inspired by car racing. Rose Gold & Diamonds.','Female','Sapphire','dh5h6cpbwvc95uxz7cra','http://res.cloudinary.com/mousesan/image/upload/v1496100126/dh5h6cpbwvc95uxz7cra.png','CARRERA W',3850,1,1,'WR200',150,1,2);

INSERT INTO `shop_db`.`storefrontproducts` (`id`,`product_id`) VALUES (3,9);
INSERT INTO `shop_db`.`storefrontproducts` (`id`,`product_id`) VALUES (1,22);
INSERT INTO `shop_db`.`storefrontproducts` (`id`,`product_id`) VALUES (4,27);
INSERT INTO `shop_db`.`storefrontproducts` (`id`,`product_id`) VALUES (2,33);

INSERT INTO `shop_db`.`orders` (`id`,`dateOfOrder`,`deliveryAddress`,`delivery_method`,`orders_state`,`payment_method`,`payment_state`,`totalPrice`,`totalQuantity`,`user_id`) VALUES (1,'2017-05-30 02:59:48','Self pickup','Pickup','Completed','Cash','Paid',2205,2,4);
INSERT INTO `shop_db`.`orders` (`id`,`dateOfOrder`,`deliveryAddress`,`delivery_method`,`orders_state`,`payment_method`,`payment_state`,`totalPrice`,`totalQuantity`,`user_id`) VALUES (2,'2017-05-30 03:01:04','113347, USA, Palo Alto, Main, 987.','ExpressDelivery','Pending','Card','Pending',395,3,4);
INSERT INTO `shop_db`.`orders` (`id`,`dateOfOrder`,`deliveryAddress`,`delivery_method`,`orders_state`,`payment_method`,`payment_state`,`totalPrice`,`totalQuantity`,`user_id`) VALUES (3,'2017-05-30 03:01:34','113347, USA, Palo Alto, Main, 987','ExpressDelivery','WaitingForShipment','Cash','NotPaid',1050,4,4);
INSERT INTO `shop_db`.`orders` (`id`,`dateOfOrder`,`deliveryAddress`,`delivery_method`,`orders_state`,`payment_method`,`payment_state`,`totalPrice`,`totalQuantity`,`user_id`) VALUES (4,'2017-05-30 03:02:27','2051, Canada, Montreal, 755 Rue Dominion, 56','ExpressDelivery','WaitingForShipment','Cash','NotPaid',2660,4,2);
INSERT INTO `shop_db`.`orders` (`id`,`dateOfOrder`,`deliveryAddress`,`delivery_method`,`orders_state`,`payment_method`,`payment_state`,`totalPrice`,`totalQuantity`,`user_id`) VALUES (5,'2017-05-30 03:02:44','Self pickup','Pickup','WaitingForShipment','Cash','NotPaid',3899.9,3,2);
INSERT INTO `shop_db`.`orders` (`id`,`dateOfOrder`,`deliveryAddress`,`delivery_method`,`orders_state`,`payment_method`,`payment_state`,`totalPrice`,`totalQuantity`,`user_id`) VALUES (6,'2017-05-30 03:05:49','2051, Canada, Montreal, 755 Rue Dominion, 56','ExpressDelivery','Shipped','Cash','Pending',6200,1,2);
INSERT INTO `shop_db`.`orders` (`id`,`dateOfOrder`,`deliveryAddress`,`delivery_method`,`orders_state`,`payment_method`,`payment_state`,`totalPrice`,`totalQuantity`,`user_id`) VALUES (7,'2017-05-30 03:16:31','Self pickup','Pickup','Shipped','Card','NotPaid',3950,1,2);
INSERT INTO `shop_db`.`orders` (`id`,`dateOfOrder`,`deliveryAddress`,`delivery_method`,`orders_state`,`payment_method`,`payment_state`,`totalPrice`,`totalQuantity`,`user_id`) VALUES (8,'2017-05-30 03:21:19','10065, USA, New York, 27 E 65th Street, 48 H','ExpressDelivery','WaitingForShipment','Cash','NotPaid',510,4,1);
INSERT INTO `shop_db`.`orders` (`id`,`dateOfOrder`,`deliveryAddress`,`delivery_method`,`orders_state`,`payment_method`,`payment_state`,`totalPrice`,`totalQuantity`,`user_id`) VALUES (9,'2017-05-30 03:21:53','10011, USA, New York, 620 6th Avenue, 2','ExpressDelivery','WaitingForShipment','Cash','NotPaid',1260,3,1);
INSERT INTO `shop_db`.`orders` (`id`,`dateOfOrder`,`deliveryAddress`,`delivery_method`,`orders_state`,`payment_method`,`payment_state`,`totalPrice`,`totalQuantity`,`user_id`) VALUES (10,'2017-05-30 03:22:14','Self pickup','Pickup','WaitingForShipment','Card','NotPaid',2520,4,1);
INSERT INTO `shop_db`.`orders` (`id`,`dateOfOrder`,`deliveryAddress`,`delivery_method`,`orders_state`,`payment_method`,`payment_state`,`totalPrice`,`totalQuantity`,`user_id`) VALUES (11,'2017-05-30 03:24:37','190000, Russia, Saint-Petersburg, Lenina Street 59, 178.','ExpressDelivery','WaitingForShipment','Cash','NotPaid',365,4,3);
INSERT INTO `shop_db`.`orders` (`id`,`dateOfOrder`,`deliveryAddress`,`delivery_method`,`orders_state`,`payment_method`,`payment_state`,`totalPrice`,`totalQuantity`,`user_id`) VALUES (12,'2017-05-30 03:25:00','Self pickup','Pickup','WaitingForShipment','Cash','NotPaid',365,4,3);
INSERT INTO `shop_db`.`orders` (`id`,`dateOfOrder`,`deliveryAddress`,`delivery_method`,`orders_state`,`payment_method`,`payment_state`,`totalPrice`,`totalQuantity`,`user_id`) VALUES (13,'2017-05-30 03:25:28','190000, Russia, Saint-Petersburg, Lenina Street 59, 178','ExpressDelivery','WaitingForShipment','Card','NotPaid',1740,4,3);

INSERT INTO `shop_db`.`soldproductinfo` (`id`,`soldPrice`,`soldQuantity`,`orders_id`,`product_id`) VALUES (1,2150,1,1,32);
INSERT INTO `shop_db`.`soldproductinfo` (`id`,`soldPrice`,`soldQuantity`,`orders_id`,`product_id`) VALUES (2,55,1,1,27);
INSERT INTO `shop_db`.`soldproductinfo` (`id`,`soldPrice`,`soldQuantity`,`orders_id`,`product_id`) VALUES (3,120,1,2,5);
INSERT INTO `shop_db`.`soldproductinfo` (`id`,`soldPrice`,`soldQuantity`,`orders_id`,`product_id`) VALUES (4,130,1,2,3);
INSERT INTO `shop_db`.`soldproductinfo` (`id`,`soldPrice`,`soldQuantity`,`orders_id`,`product_id`) VALUES (5,145,1,2,30);
INSERT INTO `shop_db`.`soldproductinfo` (`id`,`soldPrice`,`soldQuantity`,`orders_id`,`product_id`) VALUES (6,750,1,3,21);
INSERT INTO `shop_db`.`soldproductinfo` (`id`,`soldPrice`,`soldQuantity`,`orders_id`,`product_id`) VALUES (7,60,1,3,16);
INSERT INTO `shop_db`.`soldproductinfo` (`id`,`soldPrice`,`soldQuantity`,`orders_id`,`product_id`) VALUES (8,120,2,3,15);
INSERT INTO `shop_db`.`soldproductinfo` (`id`,`soldPrice`,`soldQuantity`,`orders_id`,`product_id`) VALUES (9,150,1,4,8);
INSERT INTO `shop_db`.`soldproductinfo` (`id`,`soldPrice`,`soldQuantity`,`orders_id`,`product_id`) VALUES (10,1000,1,4,10);
INSERT INTO `shop_db`.`soldproductinfo` (`id`,`soldPrice`,`soldQuantity`,`orders_id`,`product_id`) VALUES (11,160,1,4,4);
INSERT INTO `shop_db`.`soldproductinfo` (`id`,`soldPrice`,`soldQuantity`,`orders_id`,`product_id`) VALUES (12,1350,1,4,25);
INSERT INTO `shop_db`.`soldproductinfo` (`id`,`soldPrice`,`soldQuantity`,`orders_id`,`product_id`) VALUES (13,3850,1,5,34);
INSERT INTO `shop_db`.`soldproductinfo` (`id`,`soldPrice`,`soldQuantity`,`orders_id`,`product_id`) VALUES (14,24.95,2,5,26);
INSERT INTO `shop_db`.`soldproductinfo` (`id`,`soldPrice`,`soldQuantity`,`orders_id`,`product_id`) VALUES (15,6200,1,6,9);
INSERT INTO `shop_db`.`soldproductinfo` (`id`,`soldPrice`,`soldQuantity`,`orders_id`,`product_id`) VALUES (16,3950,1,7,33);
INSERT INTO `shop_db`.`soldproductinfo` (`id`,`soldPrice`,`soldQuantity`,`orders_id`,`product_id`) VALUES (17,120,3,8,15);
INSERT INTO `shop_db`.`soldproductinfo` (`id`,`soldPrice`,`soldQuantity`,`orders_id`,`product_id`) VALUES (18,150,1,8,20);
INSERT INTO `shop_db`.`soldproductinfo` (`id`,`soldPrice`,`soldQuantity`,`orders_id`,`product_id`) VALUES (19,1000,1,9,10);
INSERT INTO `shop_db`.`soldproductinfo` (`id`,`soldPrice`,`soldQuantity`,`orders_id`,`product_id`) VALUES (20,130,1,9,3);
INSERT INTO `shop_db`.`soldproductinfo` (`id`,`soldPrice`,`soldQuantity`,`orders_id`,`product_id`) VALUES (21,130,1,9,28);
INSERT INTO `shop_db`.`soldproductinfo` (`id`,`soldPrice`,`soldQuantity`,`orders_id`,`product_id`) VALUES (22,120,2,10,13);
INSERT INTO `shop_db`.`soldproductinfo` (`id`,`soldPrice`,`soldQuantity`,`orders_id`,`product_id`) VALUES (23,130,1,10,3);
INSERT INTO `shop_db`.`soldproductinfo` (`id`,`soldPrice`,`soldQuantity`,`orders_id`,`product_id`) VALUES (24,2150,1,10,32);
INSERT INTO `shop_db`.`soldproductinfo` (`id`,`soldPrice`,`soldQuantity`,`orders_id`,`product_id`) VALUES (25,55,2,11,27);
INSERT INTO `shop_db`.`soldproductinfo` (`id`,`soldPrice`,`soldQuantity`,`orders_id`,`product_id`) VALUES (26,125,1,11,29);
INSERT INTO `shop_db`.`soldproductinfo` (`id`,`soldPrice`,`soldQuantity`,`orders_id`,`product_id`) VALUES (27,130,1,11,28);
INSERT INTO `shop_db`.`soldproductinfo` (`id`,`soldPrice`,`soldQuantity`,`orders_id`,`product_id`) VALUES (28,55,2,12,27);
INSERT INTO `shop_db`.`soldproductinfo` (`id`,`soldPrice`,`soldQuantity`,`orders_id`,`product_id`) VALUES (29,130,1,12,28);
INSERT INTO `shop_db`.`soldproductinfo` (`id`,`soldPrice`,`soldQuantity`,`orders_id`,`product_id`) VALUES (30,125,1,12,29);
INSERT INTO `shop_db`.`soldproductinfo` (`id`,`soldPrice`,`soldQuantity`,`orders_id`,`product_id`) VALUES (31,120,2,13,7);
INSERT INTO `shop_db`.`soldproductinfo` (`id`,`soldPrice`,`soldQuantity`,`orders_id`,`product_id`) VALUES (32,750,2,13,21);